deck	momwire_lines	nec42_lines	nec42_exit	momwire
001_dipole-ex0-srcdat	171	171	0	served
002_dipole-ex0-srcdat-repeat	171	171	0	served
003_dipole-ex6-srcdat	171	171	0	served
004_dipole-azimuth	542	542	0	served
005_dipole-elevation	542	542	0	served
006_dipole-3d-1001	2887	2887	0	served
007_dipole-elevation-repeat	542	542	0	served
008_dipole-azimuth-repeat	542	542	0	served
009_cardioid-l-network	380	380	0	served
010_foursquare-4sqtl-variant	456	456	0	served
011_foursquare-tl-arrl	277	277	0	served
012_dipole-ld4-offcentre	176	176	0	served
013_dipole-ld4-seg3	176	176	0	served
014_dipole-ld5-copper	176	176	0	served
015_dipole-10m-gn1	176	176	0	served
016_dipole-10m-gn2	179	185	0	served
017_dipole-10m-gn1-gd-mininec	180	180	0	served
018_dipole-ne-single-point	180	180	0	served
019_dipole-ne-grid-242	421	421	0	served
020_dipole-ne-over-ground-REFUSED	30	435	0	REFUSED
