build	threads	deck	segments	wall_s	cpu_time_s
94ad682	1	antenna-modeling/2m-sat-yagi/thin-clearboom.nec	53	2.13	2.121
94ad682	1	antenna-modeling/2m-sat-yagi/thick-clearboom.nec	53	2.13	2.121
94ad682	1	antenna-modeling/2m-sat-yagi/2m-sat-candidate2-folded-drivenonly.nec	53	2.13	2.121
94ad682	1	opennec/6mYagi-Onec.nec	88	40.99	40.871
94ad682	1	antenna-modeling/force12-C3-15m-tower.nec	176	2.30	2.290
94ad682	1	antenna-modeling/yagitools/ON6MU-adjusted.nec	151	4.90	4.896
94ad682	1	antenna-modeling/yagitools/ON6MU-adjusted4.nec	151	1.65	1.641
94ad682	1	antenna-modeling/yagitools/ON6MU.nec	151	4.96	4.959
94ad682	1	sokyrad/unsorted/15m_20m_jumper_half_square.nec	114	2.38	2.374
94ad682	1	antenna-modeling/yagitools/ON6MU-adjusted4-allthick.nec	151	1.66	1.657
94ad682	1	antenna-modeling/yagitools/ON6MU-adjusted3.nec	151	4.90	4.890
94ad682	1	antenna-modeling/yagitools/ON6MU-adjusted4-refthick.nec	151	1.64	1.639
94ad682	1	antenna-modeling/2m-sat-yagi/2m-sat-candidate1.nec	151	1.66	1.654
94ad682	1	antenna-modeling/yagitools/2m-sat-candidate1-inorder.nec	151	1.65	1.645
94ad682	1	antenna-modeling/force12-C3-15m-roof.nec	176	2.28	2.276
94ad682	1	antenna-modeling/force12-C3-20m-tower.nec	176	1.73	1.727
94ad682	1	antenna-modeling/force12-C3.nec	176	1.56	1.551
94ad682	1	antenna-modeling/force12-C3-20m-roof.nec	176	1.84	1.728
94ad682	1	antenna-modeling/2m-sat-yagi/2m-sat-candidate2-thin-folded-inorder.nec	178	1.92	1.914
94ad682	1	antenna-modeling/2m-sat-yagi/2m-sat-candidate2-thick-folded-inorder.nec	178	1.92	1.918
94ad682	1	antenna-modeling/dipole-20m-gutters.nec	197	1.82	1.813
94ad682	1	antenna-modeling/2m-sat-yagi/2m-sat-candidate1-inorder.nec	302	3.21	3.202
94ad682	1	antenna-modeling/dipole-80m-gutters.nec	197	2.10	2.098
94ad682	1	antenna-modeling/yagitools/2m-sat-candidate1-crossed.nec	302	1.60	1.599
94ad682	1	antenna-modeling/2m-sat-yagi/bar.nec	372	4.02	4.019
94ad682	1	qantenna/1_4l-gp_on_pole.nec	114	1.44	1.437
94ad682	1	4nec2-models/Objects/NearFld.nec	416	1.63	1.623
94ad682	1	icecube-dbesson/NearFld.nec	416	1.62	1.610
94ad682	1	4nec2-models/Objects/Illuminate.nec	490	2.19	2.187
94ad682	1	icecube-dbesson/Illuminate.nec	490	2.18	2.179
94ad682	1	antenna-modeling/2m-sat-yagi/2m-sat-candidate1-crossed.nec	302	3.22	3.215
94ad682	1	antenna-modeling/yagitools/ON6MU-adjusted2.nec	151	4.84	4.838
94ad682	1	g1ojs/Trapped/TRAPx2_V.nec	52	38.79	38.778
94ad682	1	antenna-modeling/gbhoyt.nec	304	23.20	23.190
94ad682	1	antenna-modeling/2m-sat-yagi/2m-sat-candidate2-thick-crossed.nec	372	4.02	4.011
94ad682	1	sokyrad/unsorted/fan_dipole_80_40_20_10_6m_20m_height_voltage_balun.nec	312	3.97	3.969
94ad682	1	cebik-w4rnl/Basic-Intermediate-Tutorial-Models/Tutorial-2/ch-5/5-8a.nec	4002	11.90	11.860
94ad682	1	antenna-modeling/2m-sat-yagi/2m-sat-candidate2-thick-crossed-wide.nec	372	16.22	16.139
94ad682	4	antenna-modeling/2m-sat-yagi/thin-clearboom.nec	53	1.51	5.955
94ad682	4	antenna-modeling/2m-sat-yagi/thick-clearboom.nec	53	1.56	6.000
94ad682	4	antenna-modeling/2m-sat-yagi/2m-sat-candidate2-folded-drivenonly.nec	53	1.51	5.945
94ad682	4	opennec/6mYagi-Onec.nec	88	25.76	42.939
94ad682	4	antenna-modeling/force12-C3-15m-tower.nec	176	1.62	11.206
94ad682	4	antenna-modeling/yagitools/ON6MU-adjusted.nec	151	3.60	24.965
94ad682	4	antenna-modeling/yagitools/ON6MU-adjusted4.nec	151	1.21	8.366
94ad682	4	antenna-modeling/yagitools/ON6MU.nec	151	3.61	25.004
94ad682	4	sokyrad/unsorted/15m_20m_jumper_half_square.nec	114	1.64	3.679
94ad682	4	antenna-modeling/yagitools/ON6MU-adjusted4-allthick.nec	151	1.21	8.344
94ad682	4	antenna-modeling/yagitools/ON6MU-adjusted3.nec	151	3.64	25.202
94ad682	4	antenna-modeling/yagitools/ON6MU-adjusted4-refthick.nec	151	1.21	8.382
94ad682	4	antenna-modeling/2m-sat-yagi/2m-sat-candidate1.nec	151	1.21	8.371
94ad682	4	antenna-modeling/yagitools/2m-sat-candidate1-inorder.nec	151	1.22	8.395
94ad682	4	antenna-modeling/force12-C3-15m-roof.nec	176	1.59	11.022
94ad682	4	antenna-modeling/force12-C3-20m-tower.nec	176	1.24	8.563
94ad682	4	antenna-modeling/force12-C3.nec	176	1.10	7.617
94ad682	4	antenna-modeling/force12-C3-20m-roof.nec	176	1.22	8.451
94ad682	4	antenna-modeling/2m-sat-yagi/2m-sat-candidate2-thin-folded-inorder.nec	178	1.36	9.394
94ad682	4	antenna-modeling/2m-sat-yagi/2m-sat-candidate2-thick-folded-inorder.nec	178	1.36	9.386
94ad682	4	antenna-modeling/dipole-20m-gutters.nec	197	1.28	8.886
94ad682	4	antenna-modeling/2m-sat-yagi/2m-sat-candidate1-inorder.nec	302	2.06	14.288
94ad682	4	antenna-modeling/dipole-80m-gutters.nec	197	1.80	11.717
94ad682	4	antenna-modeling/yagitools/2m-sat-candidate1-crossed.nec	302	0.99	6.877
94ad682	4	antenna-modeling/2m-sat-yagi/bar.nec	372	2.50	17.340
94ad682	4	qantenna/1_4l-gp_on_pole.nec	114	1.05	6.426
94ad682	4	4nec2-models/Objects/NearFld.nec	416	0.61	2.411
94ad682	4	icecube-dbesson/NearFld.nec	416	0.61	2.406
94ad682	4	4nec2-models/Objects/Illuminate.nec	490	0.79	3.166
94ad682	4	icecube-dbesson/Illuminate.nec	490	0.79	3.164
94ad682	4	antenna-modeling/2m-sat-yagi/2m-sat-candidate1-crossed.nec	302	2.06	14.270
94ad682	4	antenna-modeling/yagitools/ON6MU-adjusted2.nec	151	3.46	24.056
94ad682	4	g1ojs/Trapped/TRAPx2_V.nec	52	38.79	47.010
94ad682	4	antenna-modeling/gbhoyt.nec	304	14.23	99.536
94ad682	4	antenna-modeling/2m-sat-yagi/2m-sat-candidate2-thick-crossed.nec	372	2.50	17.369
94ad682	4	sokyrad/unsorted/fan_dipole_80_40_20_10_6m_20m_height_voltage_balun.nec	312	1.91	6.136
94ad682	4	cebik-w4rnl/Basic-Intermediate-Tutorial-Models/Tutorial-2/ch-5/5-8a.nec	4002	7.71	12.605
94ad682	4	antenna-modeling/2m-sat-yagi/2m-sat-candidate2-thick-crossed-wide.nec	372	9.92	69.094
d8e2147	1	antenna-modeling/2m-sat-yagi/thin-clearboom.nec	53	2.15	2.149
d8e2147	1	antenna-modeling/2m-sat-yagi/thick-clearboom.nec	53	2.14	2.134
d8e2147	1	antenna-modeling/2m-sat-yagi/2m-sat-candidate2-folded-drivenonly.nec	53	2.16	2.159
d8e2147	1	opennec/6mYagi-Onec.nec	88	41.14	41.127
d8e2147	1	antenna-modeling/force12-C3-15m-tower.nec	176	2.30	2.291
d8e2147	1	antenna-modeling/yagitools/ON6MU-adjusted.nec	151	4.97	4.966
d8e2147	1	antenna-modeling/yagitools/ON6MU-adjusted4.nec	151	1.69	1.676
d8e2147	1	antenna-modeling/yagitools/ON6MU.nec	151	4.95	4.945
d8e2147	1	sokyrad/unsorted/15m_20m_jumper_half_square.nec	114	2.37	2.365
d8e2147	1	antenna-modeling/yagitools/ON6MU-adjusted4-allthick.nec	151	1.67	1.661
d8e2147	1	antenna-modeling/yagitools/ON6MU-adjusted3.nec	151	4.93	4.929
d8e2147	1	antenna-modeling/yagitools/ON6MU-adjusted4-refthick.nec	151	1.66	1.657
d8e2147	1	antenna-modeling/2m-sat-yagi/2m-sat-candidate1.nec	151	1.66	1.656
d8e2147	1	antenna-modeling/yagitools/2m-sat-candidate1-inorder.nec	151	1.69	1.690
d8e2147	1	antenna-modeling/force12-C3-15m-roof.nec	176	2.29	2.288
d8e2147	1	antenna-modeling/force12-C3-20m-tower.nec	176	1.76	1.754
d8e2147	1	antenna-modeling/force12-C3.nec	176	1.56	1.559
d8e2147	1	antenna-modeling/force12-C3-20m-roof.nec	176	1.73	1.726
d8e2147	1	antenna-modeling/2m-sat-yagi/2m-sat-candidate2-thin-folded-inorder.nec	178	1.92	1.915
d8e2147	1	antenna-modeling/2m-sat-yagi/2m-sat-candidate2-thick-folded-inorder.nec	178	1.91	1.908
d8e2147	1	antenna-modeling/dipole-20m-gutters.nec	197	1.84	1.836
d8e2147	1	antenna-modeling/2m-sat-yagi/2m-sat-candidate1-inorder.nec	302	3.23	3.227
d8e2147	1	antenna-modeling/dipole-80m-gutters.nec	197	2.12	2.111
d8e2147	1	antenna-modeling/yagitools/2m-sat-candidate1-crossed.nec	302	1.61	1.609
d8e2147	1	antenna-modeling/2m-sat-yagi/bar.nec	372	4.04	4.032
d8e2147	1	qantenna/1_4l-gp_on_pole.nec	114	1.45	1.442
d8e2147	1	4nec2-models/Objects/NearFld.nec	416	1.65	1.642
d8e2147	1	icecube-dbesson/NearFld.nec	416	1.62	1.618
d8e2147	1	4nec2-models/Objects/Illuminate.nec	490	2.23	2.221
d8e2147	1	icecube-dbesson/Illuminate.nec	490	2.19	2.187
d8e2147	1	antenna-modeling/2m-sat-yagi/2m-sat-candidate1-crossed.nec	302	3.24	3.234
d8e2147	1	antenna-modeling/yagitools/ON6MU-adjusted2.nec	151	4.88	4.873
d8e2147	1	g1ojs/Trapped/TRAPx2_V.nec	52	38.88	38.870
d8e2147	1	antenna-modeling/gbhoyt.nec	304	23.40	23.391
d8e2147	1	antenna-modeling/2m-sat-yagi/2m-sat-candidate2-thick-crossed.nec	372	4.06	4.053
d8e2147	1	sokyrad/unsorted/fan_dipole_80_40_20_10_6m_20m_height_voltage_balun.nec	312	4.00	3.995
d8e2147	1	cebik-w4rnl/Basic-Intermediate-Tutorial-Models/Tutorial-2/ch-5/5-8a.nec	4002	12.05	12.015
d8e2147	1	antenna-modeling/2m-sat-yagi/2m-sat-candidate2-thick-crossed-wide.nec	372	16.21	16.202
d8e2147	4	antenna-modeling/2m-sat-yagi/thin-clearboom.nec	53	2.18	2.374
d8e2147	4	antenna-modeling/2m-sat-yagi/thick-clearboom.nec	53	2.14	2.337
d8e2147	4	antenna-modeling/2m-sat-yagi/2m-sat-candidate2-folded-drivenonly.nec	53	2.15	2.350
d8e2147	4	opennec/6mYagi-Onec.nec	88	41.45	42.943
d8e2147	4	antenna-modeling/force12-C3-15m-tower.nec	176	2.34	11.601
d8e2147	4	antenna-modeling/yagitools/ON6MU-adjusted.nec	151	5.13	25.995
d8e2147	4	antenna-modeling/yagitools/ON6MU-adjusted4.nec	151	1.73	8.728
d8e2147	4	antenna-modeling/yagitools/ON6MU.nec	151	5.13	25.990
d8e2147	4	sokyrad/unsorted/15m_20m_jumper_half_square.nec	114	2.34	3.313
d8e2147	4	antenna-modeling/yagitools/ON6MU-adjusted4-allthick.nec	151	1.73	8.723
d8e2147	4	antenna-modeling/yagitools/ON6MU-adjusted3.nec	151	5.13	25.969
d8e2147	4	antenna-modeling/yagitools/ON6MU-adjusted4-refthick.nec	151	1.74	8.761
d8e2147	4	antenna-modeling/2m-sat-yagi/2m-sat-candidate1.nec	151	1.73	8.738
d8e2147	4	antenna-modeling/yagitools/2m-sat-candidate1-inorder.nec	151	1.73	8.725
d8e2147	4	antenna-modeling/force12-C3-15m-roof.nec	176	2.31	11.494
d8e2147	4	antenna-modeling/force12-C3-20m-tower.nec	176	1.76	8.792
d8e2147	4	antenna-modeling/force12-C3.nec	176	1.92	8.141
d8e2147	4	antenna-modeling/force12-C3-20m-roof.nec	176	1.80	8.965
d8e2147	4	antenna-modeling/2m-sat-yagi/2m-sat-candidate2-thin-folded-inorder.nec	178	1.98	9.797
d8e2147	4	antenna-modeling/2m-sat-yagi/2m-sat-candidate2-thick-folded-inorder.nec	178	1.95	9.702
d8e2147	4	antenna-modeling/dipole-20m-gutters.nec	197	1.86	9.164
d8e2147	4	antenna-modeling/2m-sat-yagi/2m-sat-candidate1-inorder.nec	302	3.06	13.461
d8e2147	4	antenna-modeling/dipole-80m-gutters.nec	197	2.16	11.070
d8e2147	4	antenna-modeling/yagitools/2m-sat-candidate1-crossed.nec	302	1.52	6.676
d8e2147	4	antenna-modeling/2m-sat-yagi/bar.nec	372	3.68	14.537
d8e2147	4	qantenna/1_4l-gp_on_pole.nec	114	1.49	5.759
d8e2147	4	4nec2-models/Objects/NearFld.nec	416	1.60	2.021
d8e2147	4	icecube-dbesson/NearFld.nec	416	1.64	2.061
d8e2147	4	4nec2-models/Objects/Illuminate.nec	490	2.20	2.589
d8e2147	4	icecube-dbesson/Illuminate.nec	490	2.19	2.577
d8e2147	4	antenna-modeling/2m-sat-yagi/2m-sat-candidate1-crossed.nec	302	3.07	13.485
d8e2147	4	antenna-modeling/yagitools/ON6MU-adjusted2.nec	151	5.07	25.720
d8e2147	4	g1ojs/Trapped/TRAPx2_V.nec	52	39.15	39.253
d8e2147	4	antenna-modeling/gbhoyt.nec	304	20.58	114.078
d8e2147	4	antenna-modeling/2m-sat-yagi/2m-sat-candidate2-thick-crossed.nec	372	3.66	14.502
d8e2147	4	sokyrad/unsorted/fan_dipole_80_40_20_10_6m_20m_height_voltage_balun.nec	312	3.55	5.541
d8e2147	4	cebik-w4rnl/Basic-Intermediate-Tutorial-Models/Tutorial-2/ch-5/5-8a.nec	4002	7.92	12.686
d8e2147	4	antenna-modeling/2m-sat-yagi/2m-sat-candidate2-thick-crossed-wide.nec	372	14.69	57.320
